Sample_ID,Accuracy,Mean_IoU
0,0.9980867346938775,0.9984787018255579
1,1.0,1.0
2,0.9996811224489796,0.9994432071269488
3,0.9846938775510204,0.9762376237623762
4,0.9990433673469388,0.9982798165137614
