Class,IoU,Precision,Recall,F1_Score,Support
2,1.0,0.9752650176678446,0.968421052631579,0.971830985915493,855
3,1.0,0.9951871657754011,0.9994629430719656,0.9973204715969989,1862
4,0.9452054794520548,0.9950212059745528,0.9961233154882776,0.9955719557195571,5417
5,0.994655264564404,0.9998673388166622,0.9988073151338458,0.9993370458764254,7546
